id,subset,llm_correct,assessor_correct
165,math_algebra_hard,0,0.0
106,math_algebra_hard,0,0.0
204,math_algebra_hard,0,0.0
235,math_algebra_hard,0,0.0
249,math_algebra_hard,0,0.07
279,math_algebra_hard,0,0.07
8,math_algebra_hard,0,0.01
100,math_algebra_hard,0,0.06
88,math_algebra_hard,0,0.0
208,math_algebra_hard,0,0.01
74,math_algebra_hard,0,0.0
138,math_algebra_hard,0,0.0
305,math_algebra_hard,0,0.0
289,math_algebra_hard,0,0.01
189,math_algebra_hard,0,0.04
306,math_algebra_hard,0,0.01
120,math_algebra_hard,0,0.14
72,math_algebra_hard,0,0.01
117,math_algebra_hard,0,0.01
261,math_algebra_hard,0,0.0
71,math_algebra_hard,0,1.0
35,math_algebra_hard,0,0.0
34,math_algebra_hard,0,0.01
6,math_algebra_hard,0,0.07
192,math_algebra_hard,0,0.01
244,math_algebra_hard,0,0.06
129,math_algebra_hard,0,0.17
20,math_algebra_hard,0,0.0
150,math_algebra_hard,0,0.06
116,math_algebra_hard,0,0.02
275,math_algebra_hard,0,0.0
142,math_algebra_hard,0,0.04
130,math_algebra_hard,0,0.06
156,math_algebra_hard,0,0.01
247,math_algebra_hard,0,0.0
174,math_algebra_hard,1,0.05
285,math_algebra_hard,0,0.0
278,math_algebra_hard,0,0.24
36,math_algebra_hard,0,0.0
190,math_algebra_hard,0,0.0
217,math_algebra_hard,0,0.0
265,math_algebra_hard,1,0.21
296,math_algebra_hard,0,0.07
218,math_algebra_hard,0,0.0
14,math_algebra_hard,0,0.02
103,math_algebra_hard,0,0.02
273,math_algebra_hard,0,0.04
181,math_algebra_hard,0,0.0
222,math_algebra_hard,0,0.52
70,math_algebra_hard,0,0.0
4,math_algebra_hard,0,0.04
126,math_algebra_hard,0,0.1
239,math_algebra_hard,0,0.02
11,math_algebra_hard,1,0.0
77,math_algebra_hard,0,0.12
152,math_algebra_hard,0,0.03
27,math_algebra_hard,0,0.0
64,math_algebra_hard,0,0.03
94,math_algebra_hard,0,0.01
81,math_algebra_hard,0,0.01
7,math_algebra_hard,0,0.06
295,math_algebra_hard,0,0.07
109,math_algebra_hard,0,0.07
83,math_algebra_hard,0,0.01
141,math_algebra_hard,0,0.0
75,math_algebra_hard,0,0.0
33,math_algebra_hard,0,0.0
12,math_algebra_hard,0,0.0
242,math_algebra_hard,0,0.06
188,math_algebra_hard,0,0.02
91,math_algebra_hard,0,0.02
51,math_algebra_hard,0,0.0
62,math_algebra_hard,0,0.06
67,math_algebra_hard,0,0.0
125,math_algebra_hard,0,0.04
293,math_algebra_hard,0,0.0
226,math_algebra_hard,0,0.04
63,math_algebra_hard,0,0.09
133,math_algebra_hard,0,0.0
24,math_algebra_hard,0,0.15
234,math_algebra_hard,0,0.02
112,math_algebra_hard,0,0.0
302,math_algebra_hard,0,0.05
53,math_algebra_hard,0,0.03
57,math_algebra_hard,0,0.0
113,math_algebra_hard,0,0.04
176,math_algebra_hard,0,0.15
203,math_algebra_hard,0,0.05
46,math_algebra_hard,1,0.19
5,math_algebra_hard,0,0.04
286,math_algebra_hard,0,0.0
177,math_algebra_hard,1,0.55
270,math_algebra_hard,0,0.01
121,math_algebra_hard,0,0.04
41,math_algebra_hard,0,0.06
169,math_algebra_hard,0,0.0
13,math_algebra_hard,0,0.01
254,math_algebra_hard,0,0.01
50,math_algebra_hard,0,0.08
262,math_algebra_hard,0,0.01
300,math_algebra_hard,0,0.08
248,math_algebra_hard,0,0.01
304,math_algebra_hard,0,0.0
65,math_algebra_hard,0,0.0
80,math_algebra_hard,1,0.17
153,math_algebra_hard,1,0.04
246,math_algebra_hard,0,0.0
85,math_algebra_hard,0,0.02
180,math_algebra_hard,1,0.13
134,math_algebra_hard,0,0.07
58,math_algebra_hard,0,0.02
224,math_algebra_hard,0,0.0
284,math_algebra_hard,0,0.02
124,math_algebra_hard,0,0.03
179,math_algebra_hard,0,0.1
185,math_algebra_hard,0,0.0
290,math_algebra_hard,0,0.02
68,math_algebra_hard,0,0.01
60,math_algebra_hard,0,0.04
69,math_algebra_hard,0,0.0
147,math_algebra_hard,0,0.09
73,math_algebra_hard,0,0.01
136,math_algebra_hard,0,0.05
267,math_algebra_hard,0,0.01
122,math_algebra_hard,0,0.02
175,math_algebra_hard,0,0.02
230,math_algebra_hard,0,0.0
17,math_algebra_hard,0,0.17
216,math_algebra_hard,0,0.08
297,math_algebra_hard,0,0.07
209,math_algebra_hard,0,0.02
32,math_algebra_hard,0,0.14
16,math_algebra_hard,0,0.0
292,math_algebra_hard,0,0.0
259,math_algebra_hard,0,0.04
276,math_algebra_hard,0,0.0
30,math_algebra_hard,0,0.08
258,math_algebra_hard,0,0.03
257,math_algebra_hard,0,0.0
23,math_algebra_hard,0,0.0
232,math_algebra_hard,0,0.01
123,math_algebra_hard,0,0.0
110,math_algebra_hard,0,0.0
49,math_algebra_hard,1,0.09
211,math_algebra_hard,0,0.0
268,math_algebra_hard,0,0.0
243,math_algebra_hard,0,0.0
213,math_algebra_hard,0,0.02
93,math_algebra_hard,0,0.02
139,math_algebra_hard,0,0.0
102,math_algebra_hard,0,0.03
2,math_algebra_hard,0,0.06
54,math_algebra_hard,0,0.01
274,math_algebra_hard,0,0.02
245,math_algebra_hard,0,0.05
171,math_algebra_hard,0,0.0
52,math_algebra_hard,0,0.02
210,math_algebra_hard,0,0.02
135,math_algebra_hard,0,0.01
137,math_algebra_hard,0,0.04
131,math_algebra_hard,0,0.06
201,math_algebra_hard,0,0.02
207,math_algebra_hard,0,0.0
159,math_algebra_hard,0,0.0
240,math_algebra_hard,0,0.0
184,math_algebra_hard,1,0.17
105,math_algebra_hard,0,0.05
178,math_algebra_hard,0,0.0
97,math_algebra_hard,0,0.06
280,math_algebra_hard,0,0.03
266,math_algebra_hard,0,0.05
140,math_algebra_hard,0,0.03
212,math_algebra_hard,0,0.06
154,math_algebra_hard,0,0.03
221,math_algebra_hard,1,0.18
18,math_algebra_hard,0,1.0
149,math_algebra_hard,0,0.04
158,math_algebra_hard,0,0.0
15,math_algebra_hard,0,0.0
98,math_algebra_hard,0,0.0
118,math_algebra_hard,0,0.0
238,math_algebra_hard,0,0.02
281,math_algebra_hard,0,0.02
183,math_algebra_hard,0,0.0
59,math_algebra_hard,0,0.03
219,math_algebra_hard,0,0.0
298,math_algebra_hard,0,0.0
202,math_algebra_hard,0,0.06
1,math_algebra_hard,0,0.05
294,math_algebra_hard,1,0.09
22,math_algebra_hard,0,0.0
143,math_algebra_hard,0,0.0
119,math_algebra_hard,0,0.04
269,math_algebra_hard,1,0.26
198,math_algebra_hard,0,0.0
90,math_algebra_hard,0,0.05
40,math_algebra_hard,0,0.02
166,math_algebra_hard,0,0.01
21,math_algebra_hard,0,0.07
155,math_algebra_hard,0,0.0
82,math_algebra_hard,0,0.02
252,math_algebra_hard,0,0.0
282,math_algebra_hard,0,0.0
84,math_algebra_hard,0,0.0
92,math_algebra_hard,1,0.03
287,math_algebra_hard,0,0.01
215,math_algebra_hard,0,1.0
144,math_algebra_hard,0,0.05
167,math_algebra_hard,0,0.0
128,math_algebra_hard,0,0.0
96,math_algebra_hard,0,0.03
251,math_algebra_hard,0,0.0
48,math_algebra_hard,0,0.0
89,math_algebra_hard,0,0.0
236,math_algebra_hard,0,0.0
227,math_algebra_hard,0,0.16
76,math_algebra_hard,0,0.03
200,math_algebra_hard,0,0.0
214,math_algebra_hard,0,0.02
26,math_algebra_hard,0,0.0
28,math_algebra_hard,0,0.03
228,math_algebra_hard,0,0.0
193,math_algebra_hard,1,0.25
79,math_algebra_hard,1,0.06
194,math_algebra_hard,0,0.03
86,math_algebra_hard,0,0.03
61,math_algebra_hard,0,0.07
277,math_algebra_hard,1,0.19
220,math_algebra_hard,1,0.16
101,math_algebra_hard,0,1.0
45,math_algebra_hard,0,0.12
37,math_algebra_hard,0,0.0
225,math_algebra_hard,0,0.02
199,math_algebra_hard,0,0.0
272,math_algebra_hard,1,0.0
168,math_algebra_hard,0,0.0
264,math_algebra_hard,0,0.0
172,math_algebra_hard,1,0.21
255,math_algebra_hard,0,0.07
186,math_algebra_hard,0,0.0
19,math_algebra_hard,0,0.04
291,math_algebra_hard,0,0.0
104,math_algebra_hard,0,0.0
108,math_algebra_hard,0,0.06
132,math_algebra_hard,0,0.02
117,math_counting_and_prob_hard,0,0.02
100,math_counting_and_prob_hard,0,0.06
53,math_counting_and_prob_hard,0,0.02
70,math_counting_and_prob_hard,0,0.02
103,math_counting_and_prob_hard,0,0.01
108,math_counting_and_prob_hard,0,0.02
71,math_counting_and_prob_hard,0,0.02
46,math_counting_and_prob_hard,0,0.01
19,math_counting_and_prob_hard,0,0.06
85,math_counting_and_prob_hard,1,0.16
7,math_counting_and_prob_hard,0,0.01
116,math_counting_and_prob_hard,0,0.05
52,math_counting_and_prob_hard,0,0.03
89,math_counting_and_prob_hard,0,0.03
15,math_counting_and_prob_hard,0,0.06
5,math_counting_and_prob_hard,0,0.09
13,math_counting_and_prob_hard,0,0.01
122,math_counting_and_prob_hard,0,0.14
97,math_counting_and_prob_hard,0,0.05
113,math_counting_and_prob_hard,0,0.1
50,math_counting_and_prob_hard,0,0.14
20,math_counting_and_prob_hard,0,0.0
24,math_counting_and_prob_hard,0,0.06
3,math_counting_and_prob_hard,0,0.02
12,math_counting_and_prob_hard,0,0.05
84,math_counting_and_prob_hard,0,0.05
101,math_counting_and_prob_hard,0,0.07
86,math_counting_and_prob_hard,0,0.01
67,math_counting_and_prob_hard,0,0.19
72,math_counting_and_prob_hard,0,0.05
30,math_counting_and_prob_hard,0,0.09
21,math_counting_and_prob_hard,0,0.04
109,math_counting_and_prob_hard,0,0.19
81,math_counting_and_prob_hard,0,0.14
33,math_counting_and_prob_hard,0,0.02
60,math_counting_and_prob_hard,0,0.05
119,math_counting_and_prob_hard,0,0.0
4,math_counting_and_prob_hard,0,0.01
65,math_counting_and_prob_hard,0,0.0
31,math_counting_and_prob_hard,0,0.02
106,math_counting_and_prob_hard,0,0.01
51,math_counting_and_prob_hard,0,0.03
94,math_counting_and_prob_hard,0,0.05
115,math_counting_and_prob_hard,1,0.25
80,math_counting_and_prob_hard,0,0.05
61,math_counting_and_prob_hard,0,0.13
2,math_counting_and_prob_hard,0,0.04
35,math_counting_and_prob_hard,0,0.07
34,math_counting_and_prob_hard,0,0.0
104,math_counting_and_prob_hard,0,0.02
25,math_counting_and_prob_hard,0,0.02
40,math_counting_and_prob_hard,0,0.29
73,math_counting_and_prob_hard,0,0.0
79,math_counting_and_prob_hard,0,0.0
66,math_counting_and_prob_hard,0,0.02
95,math_counting_and_prob_hard,0,0.04
49,math_counting_and_prob_hard,0,0.02
54,math_counting_and_prob_hard,0,0.19
99,math_counting_and_prob_hard,0,0.05
18,math_counting_and_prob_hard,0,0.01
78,math_counting_and_prob_hard,0,0.0
41,math_counting_and_prob_hard,0,0.1
107,math_counting_and_prob_hard,0,0.02
23,math_counting_and_prob_hard,0,0.02
44,math_counting_and_prob_hard,0,0.05
87,math_counting_and_prob_hard,0,0.01
10,math_counting_and_prob_hard,0,0.02
27,math_counting_and_prob_hard,0,0.03
63,math_counting_and_prob_hard,0,0.05
59,math_counting_and_prob_hard,0,0.02
45,math_counting_and_prob_hard,0,0.05
110,math_counting_and_prob_hard,0,0.15
38,math_counting_and_prob_hard,0,0.01
68,math_counting_and_prob_hard,0,0.14
22,math_counting_and_prob_hard,0,0.07
74,math_counting_and_prob_hard,1,0.27
102,math_counting_and_prob_hard,0,0.12
8,math_counting_and_prob_hard,0,0.02
14,math_counting_and_prob_hard,1,0.29
6,math_counting_and_prob_hard,0,0.16
62,math_counting_and_prob_hard,0,0.08
55,math_counting_and_prob_hard,0,0.07
11,math_counting_and_prob_hard,0,0.02
88,math_counting_and_prob_hard,0,0.09
118,math_counting_and_prob_hard,0,0.01
48,math_counting_and_prob_hard,0,0.08
105,math_counting_and_prob_hard,0,0.02
121,math_counting_and_prob_hard,0,0.0
1,math_counting_and_prob_hard,0,0.01
77,math_counting_and_prob_hard,0,0.05
92,math_counting_and_prob_hard,0,0.09
120,math_counting_and_prob_hard,0,0.02
112,math_counting_and_prob_hard,0,0.02
75,math_counting_and_prob_hard,0,0.06
29,math_counting_and_prob_hard,0,0.0
17,math_counting_and_prob_hard,0,0.27
64,math_counting_and_prob_hard,0,0.05
111,math_counting_and_prob_hard,1,0.24
120,math_geometry_hard,0,0.08
70,math_geometry_hard,0,0.1
123,math_geometry_hard,0,0.03
47,math_geometry_hard,0,0.0
79,math_geometry_hard,0,1.0
25,math_geometry_hard,0,0.05
9,math_geometry_hard,0,0.03
115,math_geometry_hard,0,0.02
46,math_geometry_hard,0,0.01
65,math_geometry_hard,0,0.0
117,math_geometry_hard,0,0.0
97,math_geometry_hard,0,0.01
124,math_geometry_hard,0,0.02
52,math_geometry_hard,0,0.11
108,math_geometry_hard,0,0.0
112,math_geometry_hard,0,0.2
5,math_geometry_hard,0,0.01
13,math_geometry_hard,0,0.06
7,math_geometry_hard,0,0.08
107,math_geometry_hard,0,0.06
125,math_geometry_hard,0,0.05
50,math_geometry_hard,0,0.03
20,math_geometry_hard,0,0.08
24,math_geometry_hard,0,0.0
102,math_geometry_hard,0,0.03
63,math_geometry_hard,0,0.02
12,math_geometry_hard,0,0.0
84,math_geometry_hard,0,0.1
41,math_geometry_hard,0,0.0
86,math_geometry_hard,0,0.03
81,math_geometry_hard,0,0.0
72,math_geometry_hard,0,0.1
30,math_geometry_hard,0,0.01
21,math_geometry_hard,0,0.03
89,math_geometry_hard,0,0.0
118,math_geometry_hard,0,0.0
83,math_geometry_hard,0,0.0
71,math_geometry_hard,0,0.13
60,math_geometry_hard,0,0.1
129,math_geometry_hard,0,0.0
4,math_geometry_hard,0,0.05
77,math_geometry_hard,0,0.0
106,math_geometry_hard,0,0.08
67,math_geometry_hard,0,0.11
94,math_geometry_hard,0,0.02
32,math_geometry_hard,0,0.0
80,math_geometry_hard,0,0.01
113,math_geometry_hard,0,0.19
2,math_geometry_hard,0,0.02
109,math_geometry_hard,0,0.1
57,math_geometry_hard,0,0.06
34,math_geometry_hard,0,0.01
27,math_geometry_hard,0,0.0
104,math_geometry_hard,0,0.0
17,math_geometry_hard,0,0.01
40,math_geometry_hard,0,0.01
43,math_geometry_hard,0,0.06
85,math_geometry_hard,0,0.06
66,math_geometry_hard,0,0.12
103,math_geometry_hard,0,0.06
45,math_geometry_hard,0,0.0
54,math_geometry_hard,0,0.04
111,math_geometry_hard,0,0.01
18,math_geometry_hard,0,1.0
78,math_geometry_hard,0,0.03
33,math_geometry_hard,0,0.1
119,math_geometry_hard,0,0.42
15,math_geometry_hard,0,0.05
44,math_geometry_hard,0,0.01
93,math_geometry_hard,0,0.0
10,math_geometry_hard,0,0.06
19,math_geometry_hard,0,0.02
55,math_geometry_hard,0,0.02
51,math_geometry_hard,0,0.04
37,math_geometry_hard,0,0.04
110,math_geometry_hard,0,0.08
38,math_geometry_hard,0,0.01
35,math_geometry_hard,0,0.13
64,math_geometry_hard,0,0.04
23,math_geometry_hard,1,0.23
22,math_geometry_hard,0,0.03
48,math_geometry_hard,0,0.01
14,math_geometry_hard,0,0.15
62,math_geometry_hard,0,0.01
8,math_geometry_hard,0,0.03
127,math_geometry_hard,0,0.2
92,math_geometry_hard,0,0.01
6,math_geometry_hard,0,1.0
74,math_geometry_hard,0,0.04
126,math_geometry_hard,0,0.05
128,math_geometry_hard,0,0.05
3,math_geometry_hard,0,0.04
11,math_geometry_hard,0,0.08
100,math_geometry_hard,0,0.07
121,math_geometry_hard,0,0.02
88,math_geometry_hard,0,0.06
68,math_geometry_hard,1,0.0
131,math_geometry_hard,0,1.0
87,math_geometry_hard,0,0.04
122,math_geometry_hard,0,0.0
69,math_geometry_hard,0,0.04
116,math_geometry_hard,0,0.01
59,math_geometry_hard,0,0.09
130,math_geometry_hard,1,0.25
53,math_geometry_hard,0,0.04
85,math_intermediate_algebra_hard,0,0.03
171,math_intermediate_algebra_hard,0,0.0
183,math_intermediate_algebra_hard,0,0.04
6,math_intermediate_algebra_hard,0,0.0
74,math_intermediate_algebra_hard,0,0.02
138,math_intermediate_algebra_hard,0,0.02
90,math_intermediate_algebra_hard,0,0.03
272,math_intermediate_algebra_hard,0,0.0
218,math_intermediate_algebra_hard,0,0.01
105,math_intermediate_algebra_hard,0,0.02
20,math_intermediate_algebra_hard,0,0.0
116,math_intermediate_algebra_hard,0,0.0
207,math_intermediate_algebra_hard,0,0.02
273,math_intermediate_algebra_hard,0,0.0
263,math_intermediate_algebra_hard,0,0.0
208,math_intermediate_algebra_hard,0,0.02
36,math_intermediate_algebra_hard,0,0.09
21,math_intermediate_algebra_hard,0,0.07
243,math_intermediate_algebra_hard,0,0.0
103,math_intermediate_algebra_hard,0,0.01
14,math_intermediate_algebra_hard,0,0.01
190,math_intermediate_algebra_hard,0,0.03
29,math_intermediate_algebra_hard,0,0.0
236,math_intermediate_algebra_hard,0,0.09
192,math_intermediate_algebra_hard,0,0.01
70,math_intermediate_algebra_hard,0,0.0
4,math_intermediate_algebra_hard,0,0.0
126,math_intermediate_algebra_hard,0,0.05
101,math_intermediate_algebra_hard,0,0.0
181,math_intermediate_algebra_hard,0,0.06
152,math_intermediate_algebra_hard,0,0.06
161,math_intermediate_algebra_hard,0,0.0
94,math_intermediate_algebra_hard,0,0.0
269,math_intermediate_algebra_hard,0,0.0
222,math_intermediate_algebra_hard,0,0.04
177,math_intermediate_algebra_hard,0,0.0
242,math_intermediate_algebra_hard,0,0.0
69,math_intermediate_algebra_hard,0,0.04
15,math_intermediate_algebra_hard,0,0.08
61,math_intermediate_algebra_hard,0,0.08
227,math_intermediate_algebra_hard,0,0.06
197,math_intermediate_algebra_hard,0,0.0
64,math_intermediate_algebra_hard,0,0.01
12,math_intermediate_algebra_hard,0,0.02
65,math_intermediate_algebra_hard,0,0.0
167,math_intermediate_algebra_hard,0,0.1
72,math_intermediate_algebra_hard,0,0.07
22,math_intermediate_algebra_hard,0,0.0
241,math_intermediate_algebra_hard,0,0.0
120,math_intermediate_algebra_hard,0,0.04
27,math_intermediate_algebra_hard,0,0.12
202,math_intermediate_algebra_hard,0,0.17
188,math_intermediate_algebra_hard,0,0.04
41,math_intermediate_algebra_hard,0,0.0
95,math_intermediate_algebra_hard,0,0.0
33,math_intermediate_algebra_hard,0,0.04
62,math_intermediate_algebra_hard,0,0.0
252,math_intermediate_algebra_hard,0,0.01
47,math_intermediate_algebra_hard,0,0.02
271,math_intermediate_algebra_hard,0,0.05
175,math_intermediate_algebra_hard,0,0.0
186,math_intermediate_algebra_hard,0,0.02
245,math_intermediate_algebra_hard,0,0.03
25,math_intermediate_algebra_hard,0,0.09
119,math_intermediate_algebra_hard,0,0.05
87,math_intermediate_algebra_hard,0,0.04
107,math_intermediate_algebra_hard,0,0.0
24,math_intermediate_algebra_hard,0,0.02
130,math_intermediate_algebra_hard,0,0.05
234,math_intermediate_algebra_hard,0,0.04
112,math_intermediate_algebra_hard,0,0.01
28,math_intermediate_algebra_hard,0,0.0
35,math_intermediate_algebra_hard,0,0.0
39,math_intermediate_algebra_hard,0,0.12
91,math_intermediate_algebra_hard,0,0.01
176,math_intermediate_algebra_hard,0,0.13
121,math_intermediate_algebra_hard,0,0.0
46,math_intermediate_algebra_hard,0,0.03
265,math_intermediate_algebra_hard,0,0.0
97,math_intermediate_algebra_hard,0,0.04
209,math_intermediate_algebra_hard,0,0.02
278,math_intermediate_algebra_hard,0,0.13
254,math_intermediate_algebra_hard,0,0.0
50,math_intermediate_algebra_hard,0,0.07
262,math_intermediate_algebra_hard,0,0.01
169,math_intermediate_algebra_hard,0,0.0
73,math_intermediate_algebra_hard,0,0.0
80,math_intermediate_algebra_hard,0,0.0
251,math_intermediate_algebra_hard,0,0.0
246,math_intermediate_algebra_hard,0,0.0
63,math_intermediate_algebra_hard,0,0.11
180,math_intermediate_algebra_hard,0,0.0
134,math_intermediate_algebra_hard,0,0.08
58,math_intermediate_algebra_hard,0,0.01
224,math_intermediate_algebra_hard,0,0.02
5,math_intermediate_algebra_hard,0,0.01
124,math_intermediate_algebra_hard,1,0.25
213,math_intermediate_algebra_hard,0,0.02
147,math_intermediate_algebra_hard,0,0.08
11,math_intermediate_algebra_hard,0,0.08
68,math_intermediate_algebra_hard,0,0.0
60,math_intermediate_algebra_hard,0,0.02
49,math_intermediate_algebra_hard,0,0.0
117,math_intermediate_algebra_hard,0,0.05
159,math_intermediate_algebra_hard,0,0.04
136,math_intermediate_algebra_hard,0,0.01
122,math_intermediate_algebra_hard,0,0.21
137,math_intermediate_algebra_hard,0,0.0
230,math_intermediate_algebra_hard,0,0.0
45,math_intermediate_algebra_hard,0,0.1
216,math_intermediate_algebra_hard,0,0.01
149,math_intermediate_algebra_hard,0,0.02
32,math_intermediate_algebra_hard,0,0.04
16,math_intermediate_algebra_hard,0,0.02
13,math_intermediate_algebra_hard,0,0.02
237,math_intermediate_algebra_hard,0,0.01
276,math_intermediate_algebra_hard,0,0.0
30,math_intermediate_algebra_hard,0,0.0
195,math_intermediate_algebra_hard,0,0.09
235,math_intermediate_algebra_hard,0,0.05
51,math_intermediate_algebra_hard,0,0.03
232,math_intermediate_algebra_hard,0,0.03
99,math_intermediate_algebra_hard,0,0.04
110,math_intermediate_algebra_hard,0,0.01
77,math_intermediate_algebra_hard,0,0.01
199,math_intermediate_algebra_hard,0,0.01
268,math_intermediate_algebra_hard,0,0.04
217,math_intermediate_algebra_hard,0,0.09
179,math_intermediate_algebra_hard,0,0.01
109,math_intermediate_algebra_hard,0,0.0
102,math_intermediate_algebra_hard,0,0.01
2,math_intermediate_algebra_hard,0,0.0
54,math_intermediate_algebra_hard,0,0.02
274,math_intermediate_algebra_hard,0,0.04
151,math_intermediate_algebra_hard,0,0.09
133,math_intermediate_algebra_hard,0,0.0
52,math_intermediate_algebra_hard,0,0.02
210,math_intermediate_algebra_hard,0,0.0
163,math_intermediate_algebra_hard,0,0.01
165,math_intermediate_algebra_hard,0,0.06
125,math_intermediate_algebra_hard,0,0.03
240,math_intermediate_algebra_hard,0,0.0
184,math_intermediate_algebra_hard,0,0.05
178,math_intermediate_algebra_hard,0,0.01
1,math_intermediate_algebra_hard,0,0.0
266,math_intermediate_algebra_hard,0,0.03
140,math_intermediate_algebra_hard,0,0.02
212,math_intermediate_algebra_hard,0,0.04
154,math_intermediate_algebra_hard,0,0.02
219,math_intermediate_algebra_hard,0,0.03
158,math_intermediate_algebra_hard,0,0.01
43,math_intermediate_algebra_hard,0,0.02
98,math_intermediate_algebra_hard,0,0.01
118,math_intermediate_algebra_hard,0,0.0
238,math_intermediate_algebra_hard,0,0.01
203,math_intermediate_algebra_hard,0,0.0
37,math_intermediate_algebra_hard,0,0.03
279,math_intermediate_algebra_hard,0,0.09
260,math_intermediate_algebra_hard,0,0.0
115,math_intermediate_algebra_hard,0,0.0
201,math_intermediate_algebra_hard,0,0.09
123,math_intermediate_algebra_hard,0,0.03
83,math_intermediate_algebra_hard,0,0.07
229,math_intermediate_algebra_hard,0,0.02
196,math_intermediate_algebra_hard,0,0.0
71,math_intermediate_algebra_hard,0,0.03
277,math_intermediate_algebra_hard,0,0.01
57,math_intermediate_algebra_hard,0,0.0
267,math_intermediate_algebra_hard,0,0.09
106,math_intermediate_algebra_hard,0,0.0
48,math_intermediate_algebra_hard,0,0.02
255,math_intermediate_algebra_hard,0,0.04
131,math_intermediate_algebra_hard,0,0.02
220,math_intermediate_algebra_hard,0,0.03
76,math_intermediate_algebra_hard,0,0.04
153,math_intermediate_algebra_hard,0,0.0
104,math_intermediate_algebra_hard,0,0.06
145,math_intermediate_algebra_hard,0,0.0
92,math_intermediate_algebra_hard,0,0.01
144,math_intermediate_algebra_hard,0,0.04
150,math_intermediate_algebra_hard,0,0.0
132,math_intermediate_algebra_hard,0,0.01
264,math_intermediate_algebra_hard,0,0.05
96,math_intermediate_algebra_hard,0,0.0
228,math_intermediate_algebra_hard,0,1.0
200,math_intermediate_algebra_hard,0,0.0
7,math_intermediate_algebra_hard,0,0.0
26,math_intermediate_algebra_hard,0,0.0
214,math_intermediate_algebra_hard,0,0.03
253,math_intermediate_algebra_hard,0,0.01
100,math_intermediate_algebra_hard,0,0.05
84,math_intermediate_algebra_hard,0,0.05
156,math_intermediate_algebra_hard,0,0.02
111,math_intermediate_algebra_hard,0,0.07
129,math_intermediate_algebra_hard,0,0.0
82,math_intermediate_algebra_hard,0,0.0
168,math_intermediate_algebra_hard,0,0.07
113,math_intermediate_algebra_hard,0,0.03
108,math_intermediate_algebra_hard,0,0.0
247,math_intermediate_algebra_hard,0,0.08
17,math_intermediate_algebra_hard,1,0.07
198,math_intermediate_algebra_hard,0,0.0
86,math_intermediate_algebra_hard,0,0.16
142,math_intermediate_algebra_hard,0,0.01
23,math_intermediate_algebra_hard,0,0.0
89,math_intermediate_algebra_hard,0,0.09
270,math_intermediate_algebra_hard,0,0.19
79,math_intermediate_algebra_hard,0,0.0
172,math_intermediate_algebra_hard,0,0.1
257,math_intermediate_algebra_hard,0,0.0
8,math_intermediate_algebra_hard,0,0.15
185,math_intermediate_algebra_hard,0,0.03
244,math_intermediate_algebra_hard,0,0.0
93,math_intermediate_algebra_hard,0,0.0
194,math_intermediate_algebra_hard,0,0.01
128,math_intermediate_algebra_hard,0,0.0
221,math_intermediate_algebra_hard,0,0.0
174,math_intermediate_algebra_hard,0,0.0
204,math_intermediate_algebra_hard,0,0.0
239,math_intermediate_algebra_hard,0,0.05
88,math_intermediate_algebra_hard,0,0.0
55,math_intermediate_algebra_hard,0,0.0
19,math_intermediate_algebra_hard,0,0.1
166,math_intermediate_algebra_hard,0,0.05
147,math_num_theory_hard,0,0.03
128,math_num_theory_hard,0,0.03
57,math_num_theory_hard,0,0.01
123,math_num_theory_hard,0,0.04
41,math_num_theory_hard,0,0.0
6,math_num_theory_hard,0,0.01
153,math_num_theory_hard,0,0.02
143,math_num_theory_hard,0,0.08
120,math_num_theory_hard,0,0.02
89,math_num_theory_hard,0,0.07
92,math_num_theory_hard,0,0.08
85,math_num_theory_hard,0,0.01
131,math_num_theory_hard,0,0.02
8,math_num_theory_hard,0,0.02
82,math_num_theory_hard,0,0.02
68,math_num_theory_hard,0,0.03
13,math_num_theory_hard,0,0.05
84,math_num_theory_hard,0,0.0
31,math_num_theory_hard,0,0.05
145,math_num_theory_hard,0,0.05
88,math_num_theory_hard,0,0.02
47,math_num_theory_hard,0,0.06
112,math_num_theory_hard,0,0.03
152,math_num_theory_hard,0,0.0
16,math_num_theory_hard,0,0.05
36,math_num_theory_hard,0,0.0
121,math_num_theory_hard,0,0.06
20,math_num_theory_hard,0,0.08
30,math_num_theory_hard,0,0.02
142,math_num_theory_hard,0,0.0
107,math_num_theory_hard,0,0.04
74,math_num_theory_hard,0,0.03
49,math_num_theory_hard,0,0.1
37,math_num_theory_hard,0,0.17
113,math_num_theory_hard,0,0.03
100,math_num_theory_hard,0,0.01
93,math_num_theory_hard,0,0.0
12,math_num_theory_hard,0,0.11
150,math_num_theory_hard,0,0.06
102,math_num_theory_hard,0,0.0
51,math_num_theory_hard,0,0.03
35,math_num_theory_hard,0,0.02
15,math_num_theory_hard,0,0.04
52,math_num_theory_hard,0,0.23
71,math_num_theory_hard,0,0.06
45,math_num_theory_hard,0,0.03
65,math_num_theory_hard,0,0.03
3,math_num_theory_hard,0,0.01
67,math_num_theory_hard,1,0.27
24,math_num_theory_hard,0,0.09
111,math_num_theory_hard,0,0.0
140,math_num_theory_hard,0,0.01
1,math_num_theory_hard,0,0.0
95,math_num_theory_hard,0,0.15
69,math_num_theory_hard,0,0.0
141,math_num_theory_hard,0,0.01
127,math_num_theory_hard,0,0.03
118,math_num_theory_hard,0,0.04
79,math_num_theory_hard,0,0.0
60,math_num_theory_hard,0,0.0
151,math_num_theory_hard,0,0.09
4,math_num_theory_hard,0,0.1
138,math_num_theory_hard,0,0.06
77,math_num_theory_hard,0,0.03
55,math_num_theory_hard,0,0.01
106,math_num_theory_hard,0,0.06
76,math_num_theory_hard,0,0.0
94,math_num_theory_hard,0,0.12
32,math_num_theory_hard,0,0.0
80,math_num_theory_hard,0,0.03
109,math_num_theory_hard,0,0.02
2,math_num_theory_hard,0,0.02
81,math_num_theory_hard,0,0.09
105,math_num_theory_hard,0,0.04
29,math_num_theory_hard,0,0.02
34,math_num_theory_hard,0,0.07
5,math_num_theory_hard,0,0.04
104,math_num_theory_hard,0,0.0
101,math_num_theory_hard,0,0.0
148,math_num_theory_hard,0,0.04
61,math_num_theory_hard,0,0.1
43,math_num_theory_hard,0,0.02
40,math_num_theory_hard,0,0.04
25,math_num_theory_hard,0,0.04
87,math_num_theory_hard,0,0.1
117,math_num_theory_hard,0,0.01
66,math_num_theory_hard,0,0.06
129,math_num_theory_hard,0,0.06
27,math_num_theory_hard,0,0.0
91,math_num_theory_hard,0,0.0
59,math_num_theory_hard,0,0.19
54,math_num_theory_hard,0,0.01
124,math_num_theory_hard,0,0.0
144,math_num_theory_hard,0,0.01
137,math_num_theory_hard,0,0.03
75,math_num_theory_hard,0,0.0
99,math_num_theory_hard,0,0.09
19,math_num_theory_hard,0,0.08
133,math_num_theory_hard,0,0.01
136,math_num_theory_hard,0,0.03
149,math_num_theory_hard,0,0.01
108,math_num_theory_hard,0,0.02
126,math_num_theory_hard,0,0.0
23,math_num_theory_hard,0,0.08
116,math_num_theory_hard,0,0.12
39,math_num_theory_hard,0,0.03
14,math_num_theory_hard,0,0.2
22,math_num_theory_hard,0,0.01
46,math_num_theory_hard,0,0.0
50,math_num_theory_hard,0,0.0
33,math_num_theory_hard,0,0.03
90,math_num_theory_hard,0,0.0
115,math_num_theory_hard,0,0.01
62,math_num_theory_hard,0,0.0
72,math_num_theory_hard,0,0.06
122,math_num_theory_hard,0,0.02
48,math_num_theory_hard,0,0.0
70,math_num_theory_hard,0,0.0
134,math_num_theory_hard,0,0.01
21,math_num_theory_hard,0,0.01
130,math_num_theory_hard,0,0.09
64,math_num_theory_hard,0,0.1
86,math_num_theory_hard,0,0.02
190,math_prealgebra_hard,0,0.04
180,math_prealgebra_hard,0,0.0
62,math_prealgebra_hard,0,0.01
133,math_prealgebra_hard,0,0.04
168,math_prealgebra_hard,0,0.0
123,math_prealgebra_hard,0,0.0
138,math_prealgebra_hard,0,0.0
71,math_prealgebra_hard,0,0.02
82,math_prealgebra_hard,0,0.0
24,math_prealgebra_hard,1,0.03
21,math_prealgebra_hard,0,0.02
176,math_prealgebra_hard,0,0.0
109,math_prealgebra_hard,0,0.08
165,math_prealgebra_hard,0,0.01
41,math_prealgebra_hard,0,0.0
7,math_prealgebra_hard,0,0.03
142,math_prealgebra_hard,0,0.07
46,math_prealgebra_hard,0,0.07
150,math_prealgebra_hard,0,0.0
186,math_prealgebra_hard,1,0.1
75,math_prealgebra_hard,0,0.1
85,math_prealgebra_hard,0,0.08
61,math_prealgebra_hard,0,0.06
166,math_prealgebra_hard,0,0.16
14,math_prealgebra_hard,0,1.0
53,math_prealgebra_hard,0,0.0
70,math_prealgebra_hard,0,0.0
157,math_prealgebra_hard,0,0.06
72,math_prealgebra_hard,0,0.0
103,math_prealgebra_hard,0,0.0
101,math_prealgebra_hard,0,0.03
50,math_prealgebra_hard,0,0.0
6,math_prealgebra_hard,1,0.23
23,math_prealgebra_hard,0,0.04
48,math_prealgebra_hard,0,0.0
92,math_prealgebra_hard,0,0.01
153,math_prealgebra_hard,0,0.12
188,math_prealgebra_hard,0,0.02
5,math_prealgebra_hard,0,0.1
171,math_prealgebra_hard,0,0.06
120,math_prealgebra_hard,0,0.05
39,math_prealgebra_hard,0,0.01
15,math_prealgebra_hard,0,0.05
97,math_prealgebra_hard,0,0.22
134,math_prealgebra_hard,0,0.04
191,math_prealgebra_hard,0,0.06
183,math_prealgebra_hard,1,0.18
130,math_prealgebra_hard,0,0.03
124,math_prealgebra_hard,0,1.0
91,math_prealgebra_hard,0,0.12
111,math_prealgebra_hard,0,0.06
192,math_prealgebra_hard,0,0.0
60,math_prealgebra_hard,0,0.06
136,math_prealgebra_hard,0,0.07
167,math_prealgebra_hard,0,0.01
122,math_prealgebra_hard,1,0.29
83,math_prealgebra_hard,0,0.0
68,math_prealgebra_hard,0,0.05
4,math_prealgebra_hard,0,0.07
156,math_prealgebra_hard,0,0.01
80,math_prealgebra_hard,0,0.0
135,math_prealgebra_hard,0,0.06
32,math_prealgebra_hard,0,0.1
16,math_prealgebra_hard,1,0.25
36,math_prealgebra_hard,1,0.28
155,math_prealgebra_hard,0,0.04
20,math_prealgebra_hard,0,1.0
30,math_prealgebra_hard,0,0.02
49,math_prealgebra_hard,0,0.0
141,math_prealgebra_hard,0,0.01
74,math_prealgebra_hard,0,0.0
181,math_prealgebra_hard,1,0.36
147,math_prealgebra_hard,0,0.01
100,math_prealgebra_hard,0,0.03
175,math_prealgebra_hard,0,0.0
12,math_prealgebra_hard,0,0.0
129,math_prealgebra_hard,0,0.02
107,math_prealgebra_hard,0,0.02
144,math_prealgebra_hard,0,0.04
94,math_prealgebra_hard,0,0.06
102,math_prealgebra_hard,0,0.09
174,math_prealgebra_hard,0,0.01
2,math_prealgebra_hard,0,0.01
27,math_prealgebra_hard,1,0.01
54,math_prealgebra_hard,0,0.04
173,math_prealgebra_hard,0,0.01
93,math_prealgebra_hard,0,1.0
81,math_prealgebra_hard,0,0.04
52,math_prealgebra_hard,0,0.0
17,math_prealgebra_hard,0,0.16
73,math_prealgebra_hard,0,0.04
47,math_prealgebra_hard,0,1.0
184,math_prealgebra_hard,0,1.0
178,math_prealgebra_hard,0,0.04
140,math_prealgebra_hard,0,0.1
19,math_prealgebra_hard,0,0.03
154,math_prealgebra_hard,0,0.05
131,math_prealgebra_hard,0,0.0
158,math_prealgebra_hard,0,0.14
161,math_prealgebra_hard,0,0.12
118,math_prealgebra_hard,1,0.18
45,math_prealgebra_hard,0,0.06
119,math_prealgebra_hard,0,0.1
189,math_prealgebra_hard,0,0.02
67,math_prealgebra_hard,0,0.04
3,math_prealgebra_hard,0,0.02
185,math_prealgebra_hard,0,0.01
55,math_prealgebra_hard,0,0.18
65,math_prealgebra_hard,0,0.05
169,math_prealgebra_hard,0,0.05
121,math_prealgebra_hard,0,0.14
177,math_prealgebra_hard,0,0.0
182,math_prealgebra_hard,0,0.09
34,math_prealgebra_hard,1,0.1
148,math_prealgebra_hard,0,0.05
172,math_prealgebra_hard,0,0.01
105,math_prealgebra_hard,1,0.21
104,math_prealgebra_hard,0,0.0
8,math_prealgebra_hard,0,0.04
77,math_prealgebra_hard,0,0.06
108,math_prealgebra_hard,0,0.02
149,math_prealgebra_hard,0,0.06
76,math_prealgebra_hard,0,0.14
126,math_prealgebra_hard,0,0.0
51,math_prealgebra_hard,0,0.01
69,math_prealgebra_hard,0,0.0
179,math_prealgebra_hard,1,0.12
29,math_prealgebra_hard,0,0.16
116,math_prealgebra_hard,0,0.04
137,math_prealgebra_hard,0,0.0
143,math_prealgebra_hard,0,0.0
128,math_prealgebra_hard,0,0.0
112,math_prealgebra_hard,0,0.02
187,math_prealgebra_hard,0,0.01
37,math_prealgebra_hard,1,0.0
59,math_prealgebra_hard,0,0.07
11,math_prealgebra_hard,1,0.19
1,math_prealgebra_hard,0,0.0
84,math_prealgebra_hard,0,0.02
113,math_prealgebra_hard,0,0.05
88,math_prealgebra_hard,0,0.0
90,math_prealgebra_hard,0,0.0
152,math_prealgebra_hard,0,0.05
163,math_prealgebra_hard,0,0.01
86,math_prealgebra_hard,0,0.06
115,math_prealgebra_hard,0,0.0
106,math_prealgebra_hard,1,0.03
64,math_prealgebra_hard,0,0.06
35,math_prealgebra_hard,0,0.04
31,math_prealgebra_hard,1,0.36
9,math_prealgebra_hard,0,0.0
22,math_prealgebra_hard,0,0.04
25,math_prealgebra_hard,0,0.0
87,math_prealgebra_hard,0,0.05
64,math_precalculus_hard,0,0.09
41,math_precalculus_hard,0,0.01
70,math_precalculus_hard,0,0.04
74,math_precalculus_hard,0,0.05
36,math_precalculus_hard,0,0.04
112,math_precalculus_hard,0,0.04
129,math_precalculus_hard,0,0.0
107,math_precalculus_hard,0,1.0
21,math_precalculus_hard,0,0.01
16,math_precalculus_hard,0,0.0
46,math_precalculus_hard,0,0.02
123,math_precalculus_hard,0,0.09
88,math_precalculus_hard,0,0.02
122,math_precalculus_hard,0,0.29
126,math_precalculus_hard,0,0.0
52,math_precalculus_hard,0,0.0
82,math_precalculus_hard,0,0.18
89,math_precalculus_hard,0,0.01
92,math_precalculus_hard,0,0.02
9,math_precalculus_hard,0,0.0
19,math_precalculus_hard,0,0.01
7,math_precalculus_hard,0,0.14
117,math_precalculus_hard,0,0.0
127,math_precalculus_hard,0,0.0
50,math_precalculus_hard,0,0.06
20,math_precalculus_hard,0,0.08
24,math_precalculus_hard,0,0.02
108,math_precalculus_hard,0,0.0
102,math_precalculus_hard,0,0.03
73,math_precalculus_hard,0,0.16
12,math_precalculus_hard,0,0.0
84,math_precalculus_hard,1,0.01
49,math_precalculus_hard,0,0.0
86,math_precalculus_hard,0,0.05
59,math_precalculus_hard,0,0.01
72,math_precalculus_hard,0,0.04
30,math_precalculus_hard,0,0.0
97,math_precalculus_hard,0,0.04
99,math_precalculus_hard,0,0.01
118,math_precalculus_hard,0,0.0
77,math_precalculus_hard,0,0.0
60,math_precalculus_hard,0,0.02
131,math_precalculus_hard,0,0.11
4,math_precalculus_hard,0,0.07
3,math_precalculus_hard,0,0.0
43,math_precalculus_hard,0,0.02
37,math_precalculus_hard,0,0.02
106,math_precalculus_hard,0,0.03
65,math_precalculus_hard,0,0.0
94,math_precalculus_hard,0,0.04
32,math_precalculus_hard,0,0.0
80,math_precalculus_hard,0,0.0
105,math_precalculus_hard,0,0.0
2,math_precalculus_hard,0,0.0
79,math_precalculus_hard,0,0.0
67,math_precalculus_hard,0,0.02
34,math_precalculus_hard,0,0.01
23,math_precalculus_hard,0,0.0
104,math_precalculus_hard,0,0.07
63,math_precalculus_hard,0,0.03
13,math_precalculus_hard,0,0.01
40,math_precalculus_hard,0,0.03
53,math_precalculus_hard,0,0.0
95,math_precalculus_hard,0,0.04
66,math_precalculus_hard,0,0.05
113,math_precalculus_hard,0,0.02
121,math_precalculus_hard,0,0.0
55,math_precalculus_hard,0,0.03
54,math_precalculus_hard,0,0.01
27,math_precalculus_hard,0,0.1
18,math_precalculus_hard,0,0.0
78,math_precalculus_hard,0,0.01
29,math_precalculus_hard,0,0.08
76,math_precalculus_hard,0,0.0
11,math_precalculus_hard,0,0.02
44,math_precalculus_hard,0,0.0
103,math_precalculus_hard,0,0.06
10,math_precalculus_hard,0,0.0
15,math_precalculus_hard,0,0.0
51,math_precalculus_hard,0,0.0
47,math_precalculus_hard,0,0.0
68,math_precalculus_hard,0,0.01
116,math_precalculus_hard,0,0.01
22,math_precalculus_hard,0,0.03
119,math_precalculus_hard,0,0.05
14,math_precalculus_hard,0,0.0
128,math_precalculus_hard,0,1.0
8,math_precalculus_hard,0,0.05
61,math_precalculus_hard,0,0.0
83,math_precalculus_hard,0,0.01
6,math_precalculus_hard,0,0.06
133,math_precalculus_hard,0,0.0
48,math_precalculus_hard,0,0.03
85,math_precalculus_hard,0,0.0
1,math_precalculus_hard,0,0.04
5,math_precalculus_hard,0,0.0
100,math_precalculus_hard,0,0.03
39,math_precalculus_hard,0,0.12
130,math_precalculus_hard,0,0.02
134,math_precalculus_hard,0,0.0
17,math_precalculus_hard,0,0.02
124,math_precalculus_hard,0,0.0
62,math_precalculus_hard,0,0.02
125,math_precalculus_hard,0,0.0
81,math_precalculus_hard,0,0.0
120,math_precalculus_hard,0,0.0
75,math_precalculus_hard,0,0.03
93,math_precalculus_hard,0,0.0
